ID,ROADNAME,LAT,LONG
1,Chapel Street,53.61029459,-6.186854504
2,Chapel Street,53.6103352,-6.186735289
3,Clonard Road,53.60824911,-6.187719696
4,Carpark at New Savoy Cinema Complex,53.61014397,-6.182680715
5,High Street,53.60930241,-6.181617976
6,High Street,53.60917483,-6.18166914
7,High Street,53.60894594,-6.181744886
8,St. Paul's Cresent,53.60481942,-6.183291529
9,St. Paul's Cresent,53.60494254,-6.183861682
10,Quay Street,53.58124882,-6.111724109
11,Quay Street,53.5811463,-6.110918226
12,Quay Street,53.58112319,-6.109863343
13,Quay Street,53.58137367,-6.109044226
14,Quay Street,53.58134265,-6.108917836
15,Strand Street,53.58139744,-6.107341521
16,Little Strand Street,53.57936961,-6.107731607
17,Church Street,53.57936672,-6.108813584
18,Beau Piers,53.57838661,-6.110941775
19,Railway Avenue,53.45119867,-6.155679413
20,Church Road,53.44791492,-6.153061522
21,St. Margarets Park,53.4468714,-6.153982847
22,Morton Stadium,53.40082427,-6.246489708
23,Morton Stadium,53.40085397,-6.246463191
24,Morton Stadium,53.40088364,-6.246438523
25,Morton Stadium,53.4009048,-6.246420524
26,RATHBEALE ROAD,53.46196786,-6.229922981
27,RATHBEALE ROAD,53.46198821,-6.229964581
28,RATHBEALE ROAD,53.46208053,-6.230157855
29,RATHBEALE ROAD,53.46209471,-6.230198929
30,RATHBEALE ROAD,53.46215973,-6.230320707
31,RATHBEALE ROAD,53.46217323,-6.23036062
32,ACCESS TO SHOPPING CENTRE,53.46226613,-6.230543209
33,ACCESS TO SHOPPING CENTRE,53.462283,-6.230583463
34,AIRSIDE RETAIL PARK,53.44585464,-6.227307107
35,AIRSIDE RETAIL PARK,53.44581241,-6.227289705
36,AIRSIDE RETAIL PARK,53.44599927,-6.227603863
37,AIRSIDE RETAIL PARK,53.44599643,-6.227552804
38,AIRSIDE RETAIL PARK,53.44714411,-6.2231136
39,AIRSIDE RETAIL PARK,53.44717178,-6.223135216
40,AIRSIDE RETAIL PARK,53.44712714,-6.223180469
41,AIRSIDE RETAIL PARK,53.44715623,-6.223200701
42,AIRSIDE RETAIL PARK,53.44705749,-6.223561079
43,AIRSIDE RETAIL PARK,53.44702679,-6.223539191
44,AIRSIDE RETAIL PARK,53.44704048,-6.223628304
45,AIRSIDE RETAIL PARK,53.44700972,-6.223607215
46,AIRSIDE RETAIL PARK,53.44614903,-6.226198246
47,AIRSIDE RETAIL PARK,53.44612005,-6.226182143
48,AIRSIDE RETAIL PARK,53.44599137,-6.226840984
49,AIRSIDE RETAIL PARK,53.44600757,-6.226765943
50,AIRSIDE RETAIL PARK,53.44597791,-6.226757484
51,AIRSIDE RETAIL PARK,53.44601829,-6.226607773
52,AIRSIDE RETAIL PARK,53.44605165,-6.226617431
53,AIRSIDE RETAIL PARK,53.44606652,-6.226562561
54,AIRSIDE RETAIL PARK,53.44603671,-6.226528865
55,AIRSIDE RETAIL PARK,53.44656849,-6.22477016
56,AIRSIDE RETAIL PARK,53.44653755,-6.224744494
57,AIRSIDE RETAIL PARK,53.44659196,-6.224672125
58,AIRSIDE RETAIL PARK,53.4465611,-6.224656712
59,AIRSIDE RETAIL PARK,53.44595622,-6.226825224
60,NA,53.44948917,-6.224146976
61,NA,53.44838632,-6.223197816
62,NA,53.44841564,-6.223316403
63,AIRSIDE,53.44728635,-6.221929334
64,AIRSIDE,53.44731406,-6.221949192
65,AIRSIDE,53.44733668,-6.221967037
66,AIRSIDE,53.44736416,-6.221992904
67,AIRSIDE,53.44734725,-6.222056321
68,AIRSIDE,53.44731881,-6.222032773
69,AIRSIDE,53.44729924,-6.222015656
70,AIRSIDE,53.44727008,-6.22199317
71,NA,53.45439421,-6.220099544
72,NA,53.45435747,-6.220135786
73,NA,53.45432849,-6.220166632
74,NA,53.45433401,-6.220183894
75,NA,53.45436547,-6.220154278
76,NA,53.45440141,-6.220123386
77,NA,53.45434258,-6.220201362
78,NA,53.45437153,-6.220173239
79,NA,53.45440604,-6.22013832
80,NA,53.45434997,-6.220217533
81,NA,53.45437881,-6.220193183
82,NA,53.45441114,-6.220152172
83,NA,53.45435941,-6.220234575
84,NA,53.4543823,-6.220203259
85,NA,53.45441584,-6.220165607
86,NA,53.45438666,-6.220214843
87,NA,53.45442074,-6.220180222
88,AIRSIDE RETAIL PARK,53.44466114,-6.219999263
89,AIRSIDE RETAIL PARK,53.44463983,-6.219985399
90,AIRSIDE RETAIL PARK,53.44389169,-6.217999754
91,AIRSIDE RETAIL PARK,53.44357158,-6.21759532
92,AIRSIDE RETAIL PARK,53.445838,-6.219800221
93,MAIN STREET,53.45738223,-6.221084263
94,MAIN STREET,53.45729008,-6.220901146
95,MAIN STREET,53.45826677,-6.220370655
96,MALAHIDE ROAD,53.45565518,-6.220666662
97,MALAHIDE ROAD,53.45556835,-6.220670294
98,MALAHIDE ROAD,53.4556636,-6.220765298
99,MALAHIDE ROAD,53.45556296,-6.220775332
100,MALAHIDE ROAD,53.45559381,-6.220457052
101,MALAHIDE ROAD,53.45559526,-6.220456991
102,MALAHIDE ROAD,53.45559386,-6.220454629
103,MALAHIDE ROAD,53.45559523,-6.220455109
104,SWORDS BUSINESS CAMPUS,53.4689573,-6.215794424
105,SWORDS BUSINESS CAMPUS,53.46934384,-6.217858961
106,SWORDS BUSINESS CAMPUS,53.46936265,-6.217835987
107,SWORDS BUSINESS CAMPUS,53.46938168,-6.21781466
108,SWORDS BUSINESS CAMPUS,53.46939951,-6.217793687
109,NA,53.44641403,-6.220158122
110,NA,53.44643026,-6.220120514
111,NA,53.56478568,-6.211801368
112,NA,53.45334529,-6.219089695
113,NA,53.45331595,-6.219142537
114,NORTH STREET,53.46106286,-6.218351732
115,NORTH STREET,53.46103671,-6.218352962
116,CHAPEL LANE,53.45874212,-6.218658648
117,CHAPEL LANE,53.45876413,-6.218648341
118,CHAPEL LANE,53.4587899,-6.218635813
119,SAINT COLUMCILLS DRIVE,53.45679351,-6.220143102
120,NA,53.45400976,-6.218405484
121,NA,53.45394556,-6.218456638
122,NA,53.45396415,-6.218438584
123,NA,53.45399118,-6.218425982
124,NA,53.45391282,-6.218478554
125,NA,53.45395259,-6.218319892
126,NA,53.45392636,-6.218325993
127,NA,53.45389676,-6.218339875
128,NA,53.45386997,-6.218353533
129,SWORDS INDUSTRIAL ESTATE,53.46124488,-6.211795993
130,SWORDS INDUSTRIAL ESTATE,53.46123771,-6.211853708
131,NA,53.56928252,-6.198557104
132,O'DWYER'S GAA CLUB,53.6169435,-6.195183937
133,O'DWYER'S GAA CLUB,53.61704722,-6.194897967
134,O'DWYER'S GAA CLUB,53.61706679,-6.194847191
135,HAMLET LANE,53.61706814,-6.194336391
136,THE GREEN,53.44563838,-6.200859929
137,THE GREEN,53.4456074,-6.200889051
138,OAKLEIGH,53.61233369,-6.188460573
139,DROGHEDA STREET,53.61289665,-6.188477612
140,DROGHEDA STREET,53.61223237,-6.187641816
141,STEPHENSTOWN INDUSTRIAL ESTATE,53.60528395,-6.186555102
142,Stephenstown Industrial Estate,53.60536653,-6.187636169
143,INDUSTRIAL ESTATE,53.60483683,-6.187452491
144,NA,53.58753025,-6.188647048
145,STEPHENSTOWN INDUSTRIAL ESTATE,53.60575243,-6.186593217
146,INDUSTRIAL ESTATE,53.6032752,-6.187209763
147,ACCESS ROAD,53.61163316,-6.186529063
148,ACCESS ROAD,53.61191562,-6.186398055
149,ACCESS ROAD,53.6120087,-6.186453768
150,ACCESS ROAD,53.61204614,-6.186391709
151,DROGHEDA STREET,53.61055362,-6.184733732
152,CLONARD STREET,53.60970554,-6.183918024
153,CLONARD STREET,53.60983116,-6.183829846
154,N1,53.59916795,-6.184777384
155,N1,53.59918189,-6.184706481
156,N1,53.59931346,-6.184353257
157,N1,53.59925877,-6.184313816
158,N1,53.59909492,-6.184208656
159,N1,53.59904878,-6.184179293
160,N1,53.59902563,-6.18432171
161,N1,53.59906325,-6.184351025
162,N1,53.60469159,-6.184500332
163,N1,53.60417084,-6.184651913
164,N1,53.60423645,-6.184635591
165,N1,53.6043605,-6.184597266
166,DROGHEDA STREET,53.60994697,-6.183820731
167,DROGHEDA STREET,53.61010011,-6.183816155
168,N1,53.60543067,-6.183984442
169,DUBLIN STREET,53.60623312,-6.183869769
170,MILL STREET,53.61034423,-6.182831697
171,MILL STREET,53.61035665,-6.182811582
172,DUBLIN STREET,53.60705846,-6.183490602
173,DUBLIN STREET,53.60820535,-6.183246786
174,RAILWAY STATION ACCESS,53.61192518,-6.182696372
175,RAILWAY STATION ACCESS,53.61190854,-6.182668574
176,RAILWAY STATION ACCESS,53.61189616,-6.182651218
177,RAILWAY STATION ACCESS,53.61187462,-6.182623855
178,BALBRIGGAN GOLF COURSE,53.59585609,-6.182907074
179,QUAY STREET,53.61012043,-6.181218659
180,QUAY STREET,53.61012533,-6.18113684
181,MILL STREET,53.61094161,-6.181236943
182,ACCESS TO LIDL,53.60566299,-6.179788398
183,ACCESS TO LIDL,53.60569458,-6.179778479
184,ACCESS TO LIDL,53.60572336,-6.179773461
185,ACCESS TO LIDL,53.60575285,-6.179762576
186,HAMPTON STREET,53.60739517,-6.179352335
187,PUMP LANE,53.60714971,-6.17913604
188,BACK ROAD,53.43993284,-6.166925248
189,BACK ROAD,53.43996469,-6.166799862
190,Inbhir Ide Drive,53.4540331,-6.169446187
191,STATION ROAD,53.52570644,-6.164174569
192,STATION ROAD,53.52568132,-6.164205168
193,STATION ROAD,53.52654695,-6.164165609
194,STONE MASONS CLOSE,53.52652799,-6.164127675
195,STONE MASONS CLOSE,53.52649999,-6.16416589
196,BACK ROAD,53.44008268,-6.16542367
197,BACK ROAD,53.44008733,-6.165376747
198,MALAHIDE DEMESNE,53.44353864,-6.162918039
199,MALAHIDE DEMESNE,53.4435416,-6.162973813
200,MALAHIDE DEMESNE,53.4436271,-6.162959867
201,MALAHIDE DEMESNE,53.44362582,-6.162905575
202,MALAHIDE DEMESNE,53.44391551,-6.161863989
203,MALAHIDE DEMESNE,53.4439209,-6.161918829
204,ACCESS TO HELTH CENTRE,53.52360092,-6.158616397
205,ACCESS TO HELTH CENTRE,53.52361074,-6.158674919
206,DUBLIN ROAD,53.4500339,-6.157095213
207,DUBLIN ROAD,53.45041181,-6.155958678
208,RAILWAY AVENUE,53.45076086,-6.156313511
209,RAILWAY AVENUE,53.45079346,-6.15631176
210,RAILWAY AVENUE,53.45081735,-6.15630915
211,RAILWAY AVENUE,53.45084121,-6.156311851
212,RAILWAY AVENUE,53.45087275,-6.156311492
213,MALAHIDE MARINA VILLAGE,53.45589435,-6.154692239
214,MALAHIDE MARINA VILLAGE,53.45565244,-6.154464206
215,MALAHIDE MARINA VILLAGE,53.45522261,-6.15425537
216,MALAHIDE MARINA VILLAGE,53.45522469,-6.154303584
217,MALAHIDE MARINA VILLAGE,53.4522275,-6.153998788
218,STRAND STREET,53.4521274,-6.154136817
219,OLD STREET,53.45195669,-6.154996397
220,NEW STREET,53.45102927,-6.153783543
221,CHURCH ROAD,53.44994259,-6.153516338
222,THE MALL,53.45089535,-6.152763125
223,THE MALL,53.45079142,-6.152964226
224,NA,53.45034104,-6.152410577
225,JAMES TERRACE,53.4517898,-6.151384565
226,STATION ROAD,53.41814932,-6.150505126
227,STATION ROAD,53.41814552,-6.150463938
228,STATION ROAD,53.41814502,-6.150425538
229,STATION ROAD,53.41814256,-6.150374227
230,STATION ROAD,53.41813969,-6.150323377
231,STATION ROAD,53.41813618,-6.150291959
232,STATION ROAD,53.41813267,-6.150252773
233,STATION ROAD,53.41813074,-6.150209996
234,GROVE ROAD,53.45066658,-6.147999945
235,BATH AVENUE,53.45016825,-6.146837028
236,BATH AVENUE,53.45016257,-6.146762942
237,BATH AVENUE,53.45039345,-6.147104371
238,BATH AVENUE,53.45040167,-6.147175433
239,Rush Road,53.52084216,-6.143535169
240,Rush Road,53.5208617,-6.143515475
241,Rush Road,53.52087921,-6.143498287
242,PORTRANE ROAD,53.48974571,-6.142769943
243,PORTRANE ROAD,53.48978906,-6.142692299
244,PORTRANE ROAD,53.48977047,-6.142726911
245,PORTRANE ROAD,53.48972581,-6.142820093
246,COAST ROAD,53.45003413,-6.138702162
247,COAST ROAD,53.45004723,-6.138734865
248,ACCESS ROAD,53.4505705,-6.140052715
249,ACCESS ROAD,53.4505857,-6.140083781
250,STRAND ROAD,53.42048912,-6.138128474
251,STRAND ROAD,53.42047259,-6.138091424
252,BLACKWOOD LANE,53.43449114,-6.138821503
253,BLACKWOOD LANE,53.43458259,-6.138842165
254,BLACKWOOD LANE,53.43387368,-6.139545547
255,BLACKWOOD LANE,53.43387907,-6.139499351
256,PORTRANE ROAD,53.49248019,-6.135995631
257,STRAND ROAD,53.42206449,-6.135748007
258,STRAND ROAD,53.42133073,-6.135992309
259,STRAND ROAD,53.4214233,-6.136079823
260,STRAND ROAD,53.42144356,-6.136055345
261,STRAND ROAD,53.421538,-6.135369173
262,STRAND ROAD,53.42157504,-6.135430815
263,GRANGE ROAD,53.39670778,-6.137877559
264,GRANGE ROAD,53.39671347,-6.137837663
265,FOOTPATH,53.39125871,-6.136811344
266,FOOTPATH,53.39125928,-6.136852868
267,GOLF LINKS ROAD,53.41686051,-6.127745956
268,GOLF LINKS ROAD,53.41683063,-6.127747104
269,GOLF LINKS ROAD,53.41680239,-6.127743984
270,WENDELL AVENUE,53.43469405,-6.130251913
271,WENDELL AVENUE,53.43485667,-6.1303018
272,WENDELL AVENUE,53.43487937,-6.130301683
273,COAST ROAD,53.44329938,-6.12739523
274,COAST ROAD,53.44330547,-6.127443829
275,COAST ROAD,53.44343994,-6.127306295
276,COAST ROAD,53.44343588,-6.127265961
277,COAST ROAD,53.44352627,-6.12539869
278,COAST ROAD,53.44349634,-6.125383566
279,COAST ROAD,53.44343823,-6.125449051
280,COAST ROAD,53.44341637,-6.125486909
281,STRAND ROAD,53.42991484,-6.125416656
282,STRAND ROAD,53.42992668,-6.125453617
283,STRAND ROAD,53.43036253,-6.125408069
284,STRAND ROAD,53.43034767,-6.125414982
285,COLLEGE STREET,53.39726383,-6.128460896
286,MAIN STREET,53.39909723,-6.127174386
287,TRAIN STATION ACCESS,53.57431281,-6.119284548
288,TRAIN STATION ACCESS,53.57428503,-6.119247317
289,TRAIN STATION ACCESS,53.57425658,-6.119212519
290,TRAIN STATION ACCESS,53.57420834,-6.119147348
291,TRAIN STATION ACCESS,53.57423098,-6.119176392
292,THOMAS HAND STREET,53.577555,-6.111679313
293,DUBLIN ROAD,53.38885444,-6.110685953
294,NEW STREET,53.57872084,-6.110417734
295,NA,53.48761209,-6.112539028
296,NA,53.48762159,-6.112593077
297,CHURCH STREET,53.57995145,-6.109612958
298,ACCESS SKERRIES MILL,53.57484497,-6.109276376
299,ACCESS SKERRIES MILL,53.57483693,-6.109336392
300,CHURCH STREET,53.57822729,-6.107302429
301,CHURCH STREET,53.57806897,-6.107095136
302,CHURCH STREET,53.57799486,-6.107202804
303,FOOTPATH,53.39187575,-6.1158674
304,FOOTPATH,53.39190262,-6.116437457
305,FOOTPATH,53.39190444,-6.116487455
306,FOOTPATH,53.39190795,-6.116531626
307,THOMAS HAND STREET,53.58057811,-6.10830422
308,STATION ROAD,53.39095848,-6.115122132
309,COLLEGE COURT,53.58092481,-6.107566564
310,HARBOUR ROAD,53.58243251,-6.105941748
311,STRAND STREET,53.57913999,-6.106394454
312,CHURCH STREET,53.57939173,-6.105244015
313,STRAND STREET,53.57722892,-6.105528808
314,STRAND STREET,53.577624,-6.105876798
315,STRAND STREET,53.5781079,-6.105950381
316,STRAND STREET,53.57835448,-6.106248381
317,STRAND STREET,53.57845206,-6.106281139
318,NA,53.58576613,-6.10341821
319,NA,53.58576483,-6.103362811
320,CHURCH STREET,53.57660809,-6.105363862
321,NA,53.58514358,-6.102159655
322,NA,53.58516333,-6.102163743
323,NA,53.5851894,-6.102167008
324,NA,53.58521838,-6.102176986
325,HOWTH ROAD,53.39002285,-6.109430949
326,HOWTH ROAD,53.38992268,-6.109420823
327,HOWTH ROAD,53.38988937,-6.109049925
328,SANDY ROAD,53.52238889,-6.097863945
329,MAIN ST,53.52247707,-6.095096033
330,MAIN ST,53.52213372,-6.092854387
331,MAIN ST,53.52196761,-6.09171716
332,MAIN ST,53.52198462,-6.091822786
333,SOUTH HILL,53.37627097,-6.093155935
334,LOWER MAIN ST,53.52251472,-6.08215515
335,ACCESS TO HOWTH GOLF CLUB,53.37596884,-6.088042904
336,ACCESS TO HOWTH GOLF CLUB,53.37598418,-6.088020303
337,ACCESS ROAD,53.38886965,-6.0742986
338,ACCESS TO YATH CLUB,53.38887847,-6.068084592
339,ACCESS TO YATH CLUB,53.38884884,-6.068085732
340,ACCESS TO YATH CLUB,53.38879473,-6.068088618
341,ACCESS TO YATH CLUB,53.38866841,-6.068115381
342,ACCESS TO YATH CLUB,53.38859149,-6.068223036
343,HARBOUR ROAD,53.3883745,-6.070599825
344,EAST PIER HOWTH HARBOUR,53.38856783,-6.063871805
345,MAIN STREET,53.38488894,-6.065075654
346,MAIN STREET,53.38534864,-6.065129661
347,THORMANBY ROAD,53.38571143,-6.064897191
348,Little Pace Road,53.40468863,-6.424872457
349,Little Pace Road,53.40471496,-6.424853625
350,Little Pace Road,53.40417896,-6.425190304
351,Hartstown Road,53.39242659,-6.420105833
352,Hartstown Road,53.39660679,-6.415470588
353,Hartstown Road,53.40206586,-6.409969103
354,Shelerin Road,53.38918116,-6.40841273
355,Hartstown Road,53.40215269,-6.408068509
356,Blakestown Road,53.39541658,-6.40506236
357,Blakestown Road,53.39533018,-6.405225161
358,Blakestown Way,53.39655048,-6.399969131
359,BLAKESTOWN WAY,53.39279547,-6.395478641
360,BLAKESTOWN WAY,53.39279532,-6.39553547
361,BLANCHARDSTOWN ROAD SOUTH,53.39452785,-6.39405009
362,BLANCHARDSTOWN ROAD SOUTH,53.39483437,-6.393815162
363,BLANCHARDSTOWN ROAD SOUTH,53.39481584,-6.393859252
364,BLANCHARDSTOWN ROAD SOUTH,53.39479614,-6.393891037
365,BLANCHARDSTOWN ROAD SOUTH,53.39477413,-6.393929355
366,BLAKESTOWN WAY,53.39278361,-6.394447394
367,BLAKESTOWN WAY,53.39278351,-6.394479656
368,Dromheath Avenue,53.40639196,-6.392863767
369,Castlecurragh,53.40505229,-6.393645902
370,Grove Road,53.38703493,-6.395072093
371,Grove Road,53.38705833,-6.395070181
372,Grove Road,53.38708143,-6.395070655
373,Grove Road,53.38710786,-6.395068886
374,GROVE ROAD,53.39069615,-6.393963699
375,GROVE ROAD,53.39068134,-6.393946031
376,GROVE ROAD,53.39066937,-6.393926864
377,Castlecurragh,53.40539592,-6.393517254
378,Castlecurragh,53.405375,-6.393478337
379,Dromheath Avenue,53.4063628,-6.392770557
380,Dromheath Avenue,53.40637559,-6.39281674
381,NA,53.39233325,-6.39317158
382,NA,53.3923138,-6.393136157
383,NA,53.39229219,-6.393094972
384,NA,53.39227045,-6.39305593
385,NA,53.3921528,-6.392868124
386,NA,53.39212882,-6.392825217
387,NA,53.39157207,-6.392118529
388,NA,53.39153516,-6.392084802
389,NA,53.39125762,-6.391641094
390,NA,53.3912699,-6.391679756
391,NA,53.39124025,-6.39160118
392,NA,53.3912155,-6.391557963
393,NA,53.39119091,-6.39150786
394,NA,53.39116657,-6.391435027
395,NA,53.39114707,-6.391371526
396,NA,53.39112541,-6.391305692
397,NA,53.39110707,-6.391258359
398,NA,53.39296537,-6.391679723
399,NA,53.39294523,-6.391711409
400,NA,53.39292277,-6.391746936
401,NA,53.39290634,-6.391779709
402,NA,53.39090335,-6.389935054
403,NA,53.3908811,-6.389897226
404,NA,53.3908586,-6.389855304
405,NA,53.39083791,-6.389822285
406,NA,53.39082826,-6.39005293
407,NA,53.39084484,-6.390082012
408,NA,53.39110552,-6.389972285
409,NA,53.39112625,-6.389933116
410,NA,53.39110813,-6.389979929
411,NA,53.39112986,-6.389941905
412,NA,53.3911127,-6.38998723
413,NA,53.39113447,-6.389952298
414,NA,53.39452984,-6.393778542
415,NA,53.3945484,-6.393802405
416,NA,53.39456382,-6.393832907
417,NA,53.39457878,-6.393861912
418,NA,53.39459373,-6.393886806
419,NA,53.39460964,-6.393914808
420,NA,53.3944475,-6.393909925
421,NA,53.39446371,-6.393940053
422,NA,53.39447729,-6.393965016
423,NA,53.39449528,-6.39399504
424,NA,53.3945079,-6.394021762
425,NA,53.39480347,-6.391326532
426,NA,53.39304342,-6.391828146
427,NA,53.39302556,-6.391860991
428,NA,53.39300655,-6.391893995
429,NA,53.3929883,-6.391927347
430,NA,53.39414767,-6.390327286
431,NA,53.39416545,-6.390293373
432,NA,53.39418445,-6.390259707
433,NA,53.39420207,-6.390227443
434,NA,53.39411547,-6.390272153
435,NA,53.39413351,-6.390244014
436,NA,53.39415557,-6.390210124
437,NA,53.39417101,-6.390177348
438,Carpenterstown Road,53.3773417,-6.392032109
439,Carpenterstown Road,53.37734161,-6.391996585
440,Carpenterstown Road,53.37734276,-6.391957657
441,Carpenterstown Road,53.3773439,-6.391924742
442,Carpenterstown Road,53.37734415,-6.391887932
443,ENTRANCE TO SHOPPING CENTRE,53.39555982,-6.39238205
444,ENTRANCE TO SHOPPING CENTRE,53.39553718,-6.392345792
445,ENTRANCE TO SHOPPING CENTRE,53.39551225,-6.392303376
446,ENTRANCE TO SHOPPING CENTRE,53.39549026,-6.392267622
447,ENTRANCE TO SHOPPING CENTRE,53.39545721,-6.390095511
448,ENTRANCE TO SHOPPING CENTRE,53.39544388,-6.39006371
449,NA,53.39480205,-6.388952549
450,NA,53.39478639,-6.388924198
451,NA,53.39392838,-6.38750748
452,NA,53.39390655,-6.387469298
453,NA,53.37222741,-6.3901994
454,Carpenterstown Road,53.37231211,-6.389327244
455,Carpenterstown Road,53.37233076,-6.389343232
456,NA,53.38970421,-6.38943764
457,WESTEND RETAIL PARK,53.39036068,-6.387312764
458,WESTEND RETAIL PARK,53.39037287,-6.387282268
459,WESTEND RETAIL PARK,53.39038859,-6.387250468
460,WESTEND RETAIL PARK,53.39033043,-6.387397516
461,WESTEND RETAIL PARK,53.3903173,-6.387431301
462,WESTEND RETAIL PARK,53.39030429,-6.387468329
463,WESTEND RETAIL PARK,53.39028981,-6.387500809
464,WESTEND RETAIL PARK,53.39027763,-6.387530975
465,Carpenterstown Road,53.37193441,-6.38885407
466,NA,53.39156657,-6.386969507
467,NA,53.39158621,-6.386934167
468,NA,53.39160901,-6.386894519
469,NA,53.39125704,-6.385957398
470,NA,53.39124244,-6.385998311
471,NA,53.39114607,-6.385817483
472,NA,53.39113056,-6.385851492
473,NA,53.39111748,-6.38588318
474,NA,53.39110614,-6.385912612
475,NA,53.39212865,-6.387723491
476,NA,53.39210946,-6.387694565
477,NA,53.3920944,-6.387667825
478,NA,53.39207965,-6.387641829
479,NA,53.3920656,-6.387613785
480,BLANCHARDSTOWN SHOPPING CENTRE ACCESS,53.39261007,-6.387889632
481,BLANCHARDSTOWN SHOPPING CENTRE ACCESS,53.39259514,-6.387920716
482,BLANCHARDSTOWN SHOPPING CENTRE ACCESS,53.39257785,-6.387949621
483,BLANCHARDSTOWN SHOPPING CENTRE ACCESS,53.39255758,-6.387979011
484,Luttrellstown Avenue,53.36889725,-6.386948162
485,BLANCHARDSTOWN ROAD NORTH,53.40138959,-6.379605591
486,BLANCHARDSTOWN ROAD NORTH,53.40138626,-6.379546924
487,Roselawn Road,53.38297854,-6.381648386
488,Roselawn Road,53.38301255,-6.381667497
489,Roselawn Road,53.38304528,-6.381683933
490,RAYMOR PARK,53.38649209,-6.378642546
491,RAYMOR PARK,53.38650824,-6.378682354
492,RAYMOR PARK,53.38652431,-6.378713727
493,RAYMOR PARK,53.38653804,-6.378743522
494,Main Street,53.38769108,-6.37918022
495,Laurel Lodge Road,53.37727507,-6.377458493
496,Laurel Lodge Road,53.37729831,-6.377518989
497,Laurel Lodge Road,53.37725429,-6.377654976
498,Laurel Lodge Road,53.37718035,-6.377489549
499,Main Street,53.38682232,-6.376401389
500,Main Street,53.38680396,-6.37642799
501,Laurel Lodge Road,53.37769712,-6.376874063
502,Main Street,53.38588538,-6.375161334
503,Church Avenue,53.38518952,-6.374948228
504,Church Avenue,53.38518904,-6.374985736
505,Church Avenue,53.38518796,-6.37502754
506,Main Street,53.3860104,-6.373572592
507,Main Street,53.3856288,-6.373619114
508,JAMES CONNOLLY HOSPITAL,53.38795198,-6.370291873
509,JAMES CONNOLLY HOSPITAL,53.3877028,-6.369277787
510,JAMES CONNOLLY HOSPITAL,53.38768294,-6.369240337
511,JAMES CONNOLLY HOSPITAL,53.38766097,-6.369204256
512,JAMES CONNOLLY HOSPITAL,53.38764089,-6.369162597
513,JAMES CONNOLLY HOSPITAL,53.38762467,-6.369113565
514,JAMES CONNOLLY HOSPITAL,53.3876077,-6.369068955
515,JAMES CONNOLLY HOSPITAL,53.38759482,-6.369027703
516,JAMES CONNOLLY HOSPITAL,53.38758442,-6.368989637
517,NA,53.36886484,-6.36823766
518,NA,53.36882884,-6.368220325
519,NA,53.36889613,-6.36825595
520,Castleknock Road,53.37500734,-6.363002307
521,Castleknock Road,53.37304874,-6.361261975
522,Beech Park Avenue,53.37977355,-6.361834431
523,Beech Park Lawn,53.3754144,-6.360735055
524,Beech Park Lawn,53.37524314,-6.360691823
525,Beech Park Lawn,53.37520722,-6.360828954
526,Beech Park Lawn,53.37518904,-6.360896988
527,Castleknock Road,53.37261431,-6.360374835
528,Castleknock Road,53.37258781,-6.360387754
529,RIVER ROAD,53.37874701,-6.341463022
530,RIVER ROAD,53.37872569,-6.341482563
531,Fingal Ravens Carpark 1,53.50372701,-6.303884323
532,Fingal Ravens Carpark 2,53.50373582,-6.303931078
533,Rowlestown East,53.4901363,-6.300868095
534,St. Margarets,53.43033655,-6.300890916
535,NA,53.40822538,-6.245847446
536,NA,53.4082299,-6.246000036
537,NA,53.40823044,-6.246072643
538,NA,53.4082327,-6.246240535
539,NA,53.40825533,-6.246307747
540,NA,53.40825788,-6.246472684
541,NA,53.4082583,-6.246541423
542,NA,53.40825871,-6.246712533
543,NA,53.40825988,-6.246781626
544,NA,53.40825562,-6.246942925
545,NA,53.40812603,-6.247254365
546,NA,53.40809896,-6.247254545
547,NA,53.40807291,-6.247254992
548,NA,53.40784447,-6.247779081
549,NA,53.40784587,-6.247845489
550,NA,53.40824514,-6.241500674
551,NA,53.40835946,-6.241453454
552,NA,53.45388941,-6.218499548
553,N1,53.6044243,-6.184575707
554,DUBLIN ROAD,53.45003298,-6.157145112
555,TRAIN STATION ACCESS,53.57433768,-6.119319502
556,THOMAS HAND STREET,53.57755431,-6.11167468
557,THOMAS HAND STREET,53.57796347,-6.111507328
558,NA,53.5819278,-6.160714359
559,NA,53.58189905,-6.160704299
560,NA,53.58196146,-6.160551035
561,NA,53.58193263,-6.160536033
562,NA,53.58201277,-6.160304958
563,NA,53.58198994,-6.160296761
564,NA,53.58202773,-6.160211006
565,NA,53.58200734,-6.160197758
566,NA,53.58197751,-6.160473298
567,NA,53.58195077,-6.160457495
568,Snugborough Road Extension,53.38628049,-6.400052911
569,Snugborough Road Extension,53.38625635,-6.399915946
570,Snugborough Road Extension,53.38626107,-6.399761682
571,Snugborough Road Extension,53.38624953,-6.399624249
572,Snugborough Road Extension,53.38625231,-6.399470056
573,Snugborough Road Extension,53.38626031,-6.399343243
574,Snugborough Road Extension,53.38626309,-6.39918905
575,Yellow Walls Road,53.4496354,-6.164523211
576,Yellow Walls Road,53.44963352,-6.164476554
577,Balgriffin Road,53.40919017,-6.175187016
578,Balgriffin Road,53.40920763,-6.174925204
579,NA,53.5471624,-6.080765974
580,NA,53.54716154,-6.080800927
581,Hamlet Lane,53.61347978,-6.206628229
582,Hamlet Lane,53.6132286,-6.206067779
583,Hamlet Lane,53.61338284,-6.206766788
584,Hamlet Lane,53.61338364,-6.206722349
585,Hamlet Lane,53.61338301,-6.206680438
586,Market Green,53.60562786,-6.182382673
587,Kellys Bay,53.58151075,-6.134639736
588,Kellys Bay,53.58151776,-6.134591266
589,Kellys Bay,53.58143669,-6.134599854
590,Kellys Bay,53.58144607,-6.134550277
591,Kellys Bay,53.58181237,-6.134625069
592,Shenick Road,53.57046045,-6.105799952
593,Golf Links Road,53.56447511,-6.11492646
594,Golf Links Road,53.56447845,-6.114882162
595,Seacrest,53.57929719,-6.115050717
596,Seacrest,53.57931219,-6.114996795
597,Loughshinny Road,53.54663577,-6.089494176
598,Loughshinny Road,53.54663858,-6.089670154
599,Lower Main Street,53.52171226,-6.090506659
600,Lower Main Street,53.52167692,-6.089197067
601,Convent Lane,53.51851313,-6.091729535
602,Convent Lane,53.51850941,-6.091811584
603,Convent Lane,53.5185051,-6.091856332
604,Convent Lane,53.51851385,-6.091684948
605,Chapel Green,53.52219458,-6.101222665
606,Chapel Green,53.52226194,-6.101253183
607,Seaview Park,53.48920717,-6.098740561
608,Seaview Park,53.48916808,-6.098638609
609,Main Street,53.486601,-6.149099423
610,Main Street,53.48676316,-6.149303881
611,NA,53.48556928,-6.15166663
612,NA,53.48554001,-6.1516737
613,Hearse Road,53.48626076,-6.169895263
614,Hearse Road,53.4862705,-6.169949588
615,Hearse Road,53.48627927,-6.170005613
616,Hearse Road,53.48629091,-6.170054879
617,Northwood,53.40549883,-6.259390358
618,Northwood,53.40564207,-6.259554061
619,Northwood,53.40568756,-6.259792061
620,Northwood,53.4057156,-6.259935656
621,Northwood,53.40574243,-6.260081369
622,Northwood,53.40583598,-6.260565537
623,Northwood,53.40581586,-6.260626321
624,Northwood,53.40578517,-6.260639981
625,Northwood,53.40570313,-6.260690888
626,Northwood,53.40561349,-6.260729698
627,Northwood,53.40552889,-6.260774504
628,Northwood,53.40544055,-6.260817396
629,Northwood,53.40535727,-6.260868354
630,Northwood,53.40527143,-6.260913211
631,Northwood,53.40572765,-6.260507927
632,Northwood,53.40571828,-6.260458683
633,Northwood,53.40568349,-6.260530407
634,Northwood,53.40567656,-6.260478997
635,Northwood,53.40546281,-6.260649003
636,Northwood,53.40545224,-6.260601877
637,Northwood,53.40541618,-6.260671585
638,Northwood,53.40540679,-6.260620274
639,Northwood,53.40519183,-6.260792396
640,Northwood,53.40518116,-6.260739072
641,Northwood,53.40513695,-6.260757418
642,Northwood,53.40518686,-6.260960083
643,Northwood,53.40509858,-6.261007108
644,Northwood,53.40491262,-6.260880296
645,Northwood,53.40492202,-6.260931605
646,Northwood,53.40488154,-6.260951867
647,Northwood,53.40487094,-6.260902675
648,Northwood,53.40465471,-6.261072777
649,Northwood,53.40464528,-6.261019403
650,Northwood,53.40460357,-6.261039714
651,Northwood,53.40461012,-6.261093917
652,Cappagh Road,53.39475013,-6.32690819
653,Cappagh Road,53.39432733,-6.32593
654,Cappagh Road,53.39427308,-6.32587393
655,Cappagh Road,53.3935895,-6.326696152
656,Cappagh Road,53.39357023,-6.326746485
657,Cappagh Road,53.39355215,-6.326789227
658,Cappagh Road,53.39353531,-6.326828686
659,Cappagh Road,53.39351658,-6.326871455
660,Cappagh Road,53.3934966,-6.326916425
661,Cappagh Road,53.39348112,-6.32696122
662,Cappagh Road,53.39345985,-6.327006244
663,Cappagh Road,53.39344313,-6.327054321
664,Cappagh Road,53.39342181,-6.327096111
665,Navan Road,53.37741358,-6.345792274
666,Navan Road,53.37738421,-6.345815843
667,Navan Road,53.37735678,-6.345840937
668,Navan Road,53.37732741,-6.345864505
669,Snugborough Road,53.39639991,-6.369587554
670,Snugborough Road,53.39642089,-6.36955459
671,Snugborough Road,53.39644697,-6.369515246
672,Snugborough Road,53.39647159,-6.369477195
673,Snugborough Road,53.39648894,-6.369448081
674,Snugborough Road,53.39650996,-6.369417591
675,Snugborough Road,53.39653388,-6.369382041
676,Snugborough Road,53.39656004,-6.369348878
677,Snugborough Road,53.39658469,-6.3693133
678,Snugborough Road,53.39661006,-6.369276458
679,Snugborough Road,53.39663179,-6.369243465
680,Snugborough Road,53.39665646,-6.369209123
681,Snugborough Road,53.39668256,-6.369171015
682,Snugborough Road,53.39670432,-6.369140495
683,Blanchardstown Road North,53.4056445,-6.379115769
684,Blanchardstown Road North,53.40565431,-6.379163118
685,Blanchardstown Road North,53.40566391,-6.379195136
686,Blanchardstown Road North,53.40567884,-6.379243996
687,Blanchardstown Road North,53.40568841,-6.379274311
688,Blanchardstown Road North,53.40569919,-6.379318216
689,Blanchardstown Road North,53.40614041,-6.377458957
690,Blanchardstown Road North,53.40616817,-6.377478352
691,Blanchardstown Road North,53.40619897,-6.377495928
692,Blanchardstown Road North,53.4062277,-6.37751188
693,Blanchardstown Road North,53.40625743,-6.377526087
694,Blanchardstown Road North,53.40628721,-6.377543701
695,Blanchardstown Road North,53.40641228,-6.38045352
696,Blanchardstown Road North,53.4063831,-6.380480195
697,Blanchardstown Road North,53.40634988,-6.380508729
698,Snugborough Road,53.39101982,-6.384662172
699,Snugborough Road,53.39099301,-6.384632709
700,Snugborough Road,53.39085619,-6.384081685
701,Snugborough Road,53.39087658,-6.384039768
702,Clonsilla Road,53.38136531,-6.424782791
703,Clonsila Road,53.38132379,-6.424797894
704,Balcarrick Road,53.47887172,-6.115643497
705, ,53.4723877,-6.125570164
706, ,53.47236187,-6.125599817
707, ,53.49733161,-6.151222594
708,Kellys Bay Parade,53.58121569,-6.134232625
709,Kellys Bay Parade,53.58311312,-6.134755691
710,Rathmore Road,53.52906145,-6.15748607
711,Main Street,53.48601284,-6.14831491
712,Main Street,53.48598951,-6.148212632
713,Forest Park,53.45227981,-6.241353719
714,Forest Park,53.45225271,-6.241365807
715,Rathingle Road,53.45344467,-6.243439238
716,Brackenstown Road,53.45953496,-6.237058958
717,Brackenstown Road,53.4592443,-6.23754641
718,Brackenstown Road,53.45920994,-6.237567195
719,St. Margarets Road,53.40273882,-6.30358007
720,St. Margarets Road,53.40273907,-6.303531081
721,St. Margarets Road,53.40273929,-6.303480515
722,St. Margarets Road,53.40273864,-6.303434722
723,St. Margarets Road,53.4027379,-6.303382616
724,St. Margarets Road,53.40273727,-6.303338402
725,St. Margarets Road,53.40273842,-6.303286219
726,St. Margarets Road,53.40273574,-6.303231028
727,St. Margarets Road,53.40264129,-6.303294827
728,St. Margarets Road,53.40264387,-6.303343701
729,St. Margarets Road,53.40264459,-6.30339423
730,The Plaza,53.42018319,-6.381491007
731,The Plaza,53.42015123,-6.381504636
732,The Plaza,53.42012422,-6.381518081
733,The Plaza,53.42001323,-6.381629916
734,Chapel Lane,53.45821741,-6.217619236
735,Chapel Lane,53.4582458,-6.217694219
736,Estuary Road,53.45534562,-6.181944722
737,Estuary Road,53.45535148,-6.181991868
738,Estuary Road,53.45535811,-6.182033237
739,Estuary Road,53.45536569,-6.182080308
740,Estuary Road,53.45537236,-6.182124547
741,Estuary Road,53.45537991,-6.182170184
742,Estuary Road,53.4553865,-6.182208681
743,Estuary Road,53.45539313,-6.18225005
744,Old Yellow Walls Road,53.45557429,-6.180129574
745,Chapel Road,53.42532281,-6.176115246
746,Chapel Road,53.42529789,-6.176116312
747,Blackcourt Road,53.39843849,-6.378427596
748,Blackcourt Road,53.398423,-6.378479674
749,Seatown Road,53.45880117,-6.212950816
750,Hamlet Lane,53.6121094,-6.206006713
751,Seacrest,53.57932818,-6.1149402
752,Seacrest,53.57934528,-6.114887984
753,Kilmore Terrace,53.3932582,-6.367776185
754,Kilmore Terrace,53.39322963,-6.367793345
755,Clonsilla Road/St. Mochta's Avenue,53.38253477,-6.399540455
756,Clonsilla Road/St. Mochta's Avenue,53.38254869,-6.399725508
757,Castlelands,53.60060306,-6.179608904
758,Castlelands,53.60057162,-6.179610257
759,Lispopple Cross Roads,53.48266445,-6.288829911
760,Lispopple Cross Roads,53.48270769,-6.288758081
761,Lispopple Cross Roads,53.48254889,-6.288059454
762,NA,53.49242269,-6.30040518
763,NA,53.49241939,-6.300335666
764,Naul Road,53.48681343,-6.272916934
765,Naul Road,53.48682583,-6.27286159
766,Naul Road,53.48691824,-6.272509815
767,Naul Road,53.48692954,-6.272465063
768,NA,53.45164752,-6.303952739
769,Church Street,53.4190447,-6.379952936
770,Church Street,53.41904695,-6.37990245
771,Church Street,53.41905064,-6.379849451
772,Church Street,53.41909423,-6.379381888
773,Church Street,53.41910088,-6.379331235
774,Church Street,53.41911123,-6.379281669
775,Church Street,53.41914234,-6.379139118
776,Luttrellstown Road,53.36645629,-6.389930744
777,Luttrellstown Road,53.36644329,-6.389887973
778,Luttrellstown Road,53.36642928,-6.38984697
779,Luttrellstown Road,53.37497249,-6.414955855
780,Luttrellstown Road,53.37496073,-6.414903667
781,Luttrellstown Road,53.37494912,-6.414863168
782,Luttrellstown Road,53.37493746,-6.414818773
783,Luttrellstown Road,53.37492579,-6.414774377
784,Luttrellstown Road,53.3749124,-6.414731023
785,Old Airport Road,53.41514237,-6.240434322
786,Old Airport Road,53.41513494,-6.24038307
787,N32,53.4117706,-6.217453509
788,Dublin Airport,53.42730516,-6.23372534
789,Dublin Airport,53.42733482,-6.233719412
790,Dublin Airport,53.42736442,-6.233709726
791,Golf Links Road,53.40741179,-6.124181912
792,Golf Links Road,53.40742074,-6.12410911
793,Strand Road,53.4290547,-6.126219662
794,Strand Road,53.42903936,-6.126173614
795,North Street,53.46224959,-6.217565623
796,North Street,53.46226864,-6.217477807
797,Navan Road/Castleknock Road,53.38456028,-6.371820866
798,Navan Road/Castleknock Road,53.38452893,-6.37179827
799,Dublin Street,53.45500302,-6.223361681
800,Turvey Avenue,53.4927437,-6.175503253
801,Stephenstown Industrial Park,53.60053656,-6.193732798
802,Stephenstown Industrial Park,53.60052091,-6.193712827
803,Stephenstown Industrial Park,53.60116919,-6.19379764
804,Naul Road,53.60730164,-6.203463651
805,Naul Road,53.60719046,-6.203389063
806,Rush Road,53.55813167,-6.106665631
807,Convent Lane,53.52148332,-6.090497578
808,Channel Road,53.52081306,-6.104995941
809,Channel Road,53.52084937,-6.104915091
810,Park Road,53.53202681,-6.106151821
811,Park Road,53.53202757,-6.106199599
812,St. Maurs Park,53.52985896,-6.093643501
813,Dunsink Lane,53.38723374,-6.350181974
814,Dunsink Lane,53.38720528,-6.350199771
815,Hampton Street,53.60656286,-6.17762883
816,Castlelands,53.60058503,-6.180090308
817,Castlelands,53.60057749,-6.180139399
818,M1 Business Park,53.57037285,-6.20981237
819,M1 Business Park,53.56908063,-6.211175374
820,Tennis Court Lane,53.57802561,-6.107732691
821,Tennis Court Lane,53.57804703,-6.107765132
822,Tennis Court Lane,53.57806946,-6.107796378
823,Tennis Court Lane,53.57809086,-6.107827669
824,Tennis Court Lane,53.57813433,-6.107889357
825,Church Street,53.57758008,-6.106565585
826,Windmill Lane,53.57864783,-6.109198072
827,Dublin Road,53.59337894,-6.184709911
828,Portrane Road,53.48970185,-6.145770458
829,Portrane Road,53.48966015,-6.145717451
830,Portrane Road,53.48907953,-6.145767736
831,Chapel Lane,53.45725591,-6.214753071
832,The Bawn Grove,53.43991494,-6.150161322
833,The Bawn Grove,53.43995587,-6.150149213
834,Broomfield,53.43889067,-6.152093402
835,Broomfield,53.4388325,-6.152100364
836,Broomfield,53.43877968,-6.152111531
837,Nevinstown Lane,53.44434897,-6.227352386
838,Kellys Bay,53.58194617,-6.134657491
839,Rathingle Road,53.45236806,-6.243678127
840,Rathingle Road,53.45233745,-6.243689207
841,Rathingle Road,53.45265183,-6.243548603
842,Rathingle Road,53.45262269,-6.243559623
843,Rathingle Road,53.45339418,-6.241031641
844,Rathingle Road,53.45340522,-6.241085181
845,Airside Retail Park,53.44499718,-6.224838115
846,Airside Retail Park,53.44500932,-6.224789906
847,Airside Retail Park,53.44501869,-6.224740274
848,Airside Retail Park,53.44502806,-6.224690639
849,Airside Retail Park,53.44503823,-6.224633279
850,Airside Retail Park,53.44542199,-6.224060212
851,Airside Retail Park,53.44540158,-6.224047215
852,Airside Retail Park,53.44488408,-6.223287099
853,Airside Retail Park,53.44489622,-6.223238889
854,Dublin Road,53.43777671,-6.227206093
855,Dublin Road,53.43793472,-6.226305824
856,Dublin Road,53.4379333,-6.226210207
857,Dublin Road,53.43749734,-6.226361014
858,Dublin Road,53.43749605,-6.226274092
859,Dublin Road,53.43734744,-6.225884544
860,Dublin Road,53.43753474,-6.227218345
861,Dublin Road,53.4322757,-6.229173203
862,Dublin Road,53.43227475,-6.229108538
863,Forest Road,53.44683773,-6.237328577
864,Forest Road,53.4467784,-6.237256398
865,Forest Road,53.44659965,-6.237685783
866,Forest Road,53.44657969,-6.237726798
867,Ridgewood Avenue,53.44465983,-6.244103993
868,Applewood Lane,53.47069565,-6.229272949
869,Applewood Main Street,53.47089999,-6.231649654
870,Applewood Main Street,53.47112976,-6.232825461
871,Applewood,53.47206521,-6.233506507
872,Castleview,53.47307548,-6.249430324
873,Castleview,53.47305358,-6.249465536
874,Castleview,53.47274999,-6.249303218
875,Castleview,53.47273264,-6.249250016
876,Castleview,53.47261959,-6.249983358
877,Castleview,53.47264957,-6.249967419
878,Chapel Road,53.5289351,-6.16867545
879,Chapel Road,53.52879643,-6.168252757
880,Dun Emer Avenue,53.52413195,-6.1740366
881,Balheary,53.47386303,-6.215512774
882,Balheary,53.47389618,-6.21550064
883,Balheary,53.47379744,-6.216527327
884,Balheary,53.47379168,-6.216570533
885,Balheary,53.47378848,-6.216613631
886,Spittal Hill,53.46624783,-6.213519028
887,Spittal Hill,53.46623034,-6.213543716
888,Spittal Hill,53.46599746,-6.213503596
889,Spittal Hill,53.46597785,-6.213466493
890,Spittal Hill,53.46679336,-6.213278518
891,Spittal Hill,53.46678095,-6.213245104
892,Balheary,53.47409541,-6.216121429
893,Malahide Road,53.42271981,-6.174624525
894,Malahide Road,53.42238256,-6.175902765
895,Malahide Road,53.42234959,-6.17590879
896,Malahide Road,53.42313385,-6.17678837
897,Malahide Road,53.42315516,-6.176792308
898,Carrs Lane,53.41086558,-6.183871997
899,Holywell,53.44513468,-6.210349101
900,Moyclare Road,53.39238501,-6.130784369
901,Greenfield Road,53.38782059,-6.100799365
902,Greenfield Road,53.3877923,-6.100810832
903,NA,53.40783547,-6.244559185
904,NA,53.40783475,-6.244510412
905,NA,53.40783407,-6.244464425
906,NA,53.40783342,-6.244419834
907,Cappagh Road,53.39244216,-6.323118021
908,Drumnigh Road,53.41400289,-6.164830791
909,Drumnigh Road,53.41394373,-6.16485766
910,Powerstown Road,53.41485643,-6.39047653
911,Ongar Village,53.39371355,-6.441045515
912,Ongar Village,53.39374469,-6.441032291
913,Blakestown Way,53.39609705,-6.400590952
914,Blakestown Way,53.39609149,-6.400540824
915,Blakestown Way,53.39608665,-6.40049301
916,Mountview Road,53.39085236,-6.407421152
917,Clonsilla Road,53.38259979,-6.406759524
918,Clonsilla Road,53.38251486,-6.413060737
919,Clonsilla Road,53.38250292,-6.412996313
920,Castleknock Vale,53.37816293,-6.37696867
921,Castleknock Vale,53.37813524,-6.376996982
922,Luttrellstown Road,53.37125794,-6.405187855
923,Luttrellstown Road,53.37119811,-6.405316036
924,NA,53.43077441,-6.301219235
925,NA,53.36724951,-6.465646099
926,NA,53.36721982,-6.465491887
927,NA,53.36719804,-6.465371202
928,NA,53.36716906,-6.46521446
929,NA,53.36715036,-6.465099925
930,NA,53.36712284,-6.464940626
931,NA,53.36710341,-6.46482737
932,NA,53.36726595,-6.465759463
933,Knockmaroon,53.35638386,-6.354944737
934,Knockmaroon,53.35635466,-6.354909297
935,Swords Road,53.39915688,-6.244885291
936,Northwood Park,53.4050685,-6.252497089
937,Northwood,53.40514536,-6.2608162
938,Northwood,53.40362333,-6.260281473
939,Northwood,53.4036318,-6.260332839
940,Northwood,53.40358014,-6.260056997
941,Northwood,53.40357173,-6.260009939
942,Northwood,53.40173146,-6.257716129
943,Northwood,53.40171164,-6.257702742
944,St. Margarets Road,53.40679843,-6.276210929
945,St. Margarets Road,53.4067978,-6.276265084
946,St. Margarets Road,53.40679437,-6.27631935
947,St. Margarets Road,53.40679375,-6.276373506
948,St. Margarets Road,53.4067889,-6.27642783
949,St. Margarets Road,53.40678831,-6.276484336
950,Porterstown Road,53.37633026,-6.409176943
951,Porterstown Road,53.37637145,-6.409160354
952,Lanesborough Road,53.40252638,-6.294866922
953,Lanesborough Court,53.40484837,-6.293776497
954,R127,53.50098235,-6.194282236
955,Northwood,53.40458327,-6.261282602
956,Northwood,53.40455169,-6.261297192
957,Northwood,53.40451951,-6.26131283
958,Northwood,53.40448979,-6.261329391
959,Ballymun Road,53.41041041,-6.26929259
960,Ballymun Road,53.41037698,-6.269302821
961,Ballymun Road,53.41003454,-6.268231388
962,Ballymun Road,53.41000111,-6.268241619
963,Swords Road,53.42188363,-6.229551796
964,Swords Road,53.42196412,-6.229161278
965,NA,53.44941637,-6.224064562
966,NA,53.4493959,-6.224097423
967,NA,53.44937474,-6.224125148
968,NA,53.44935857,-6.224156797
969,Navan Road,53.38052818,-6.355979592
970,Navan Road,53.3805154,-6.355926984
971,Navan Road,53.38049917,-6.355857704
972,Navan Road,53.38048804,-6.355808393
973,Navan Road,53.3804799,-6.355771739
974,Navan Road,53.38046954,-6.355719709
975,Blanchardstown Bypass,53.38414071,-6.363253582
976,Blanchardstown Bypass,53.38415332,-6.363283298
977,Blanchardstown Bypass,53.38416595,-6.363314649
978,Blanchardstown Bypass,53.38417959,-6.363348408
979,Blanchardstown Bypass,53.38422075,-6.363467637
980,Blanchardstown Bypass,53.38423592,-6.363506236
981,Blanchardstown Bypass,53.38424913,-6.363544094
982,Blanchardstown Bypass,53.3842608,-6.363576297
983,Castleknock Marina,53.38228565,-6.366138658
984,Castleknock Marina,53.38227757,-6.366193061
985,Roselawn Road,53.38307439,-6.381704251
986,Roselawn Road,53.38344752,-6.381932427
987,Carpenterstown Road,53.37264774,-6.389688678
988,Clonsilla Road,53.38260402,-6.407811532
989,Main Street,53.39576613,-6.439851764
990,N32,53.40856602,-6.200294514
991,N32,53.40854092,-6.200311742
992,Estuary Road,53.45833715,-6.187278381
993,Estuary Road,53.45836086,-6.187509432
994,Bridge Street,53.45998945,-6.22191791
995,North Street,53.46087916,-6.219382412
996,R127,53.48669519,-6.197958476
997,Back Road,53.43881277,-6.168698032
998,Back Road,53.43883806,-6.168691368
999,Back Road,53.44353165,-6.157484362
1000,Back Road,53.44349644,-6.157485887
1001,Back Road,53.44346417,-6.157487284
1002,Back Road,53.44342901,-6.157491264
1003,Grove Road,53.44739976,-6.151193131
1004,Grove Road,53.4474,-6.151129713
1005,Grove Road,53.44740034,-6.151072425
1006,Torcaill,53.43753844,-6.142457321
1007,Torcaill,53.43745075,-6.142453024
1008,Torcaill,53.43754916,-6.142895338
1009,Torcaill,53.43751566,-6.142890908
1010,Off Limetree Avenue,53.44045349,-6.136262874
1011,Strand Road,53.435108,-6.123775495
1012,Naul Road,53.55191851,-6.26781177
1013,St. Patricks Terrace,53.48555864,-6.147223034
1014,Ballycoolin Business Park,53.40967043,-6.36120615
1015,Luttrellstown Road,53.38007418,-6.441736744
1016,Luttrellstown Road,53.38005247,-6.441663795
1017,Luttrellstown Road,53.37999645,-6.441395813
1018,Luttrellstown Road,53.38001487,-6.441465628
1019,Luttrellstown Road,53.37138401,-6.403684452
1020,Luttrellstown Road,53.37136171,-6.403595082
1021,The Plaza,53.41994553,-6.381809164
1022,The Plaza,53.41990293,-6.38179254
1023,GROVE ROAD,53.39063673,-6.393873235
1024,GROVE ROAD,53.39046031,-6.393587142
1025,Mountview Road,53.39086125,-6.407508655
1026,Mountview Road,53.390871,-6.407641748
1027,Whitechapel Road,53.39005321,-6.405328342
1028,Whitechapel Road,53.3900453,-6.405278896
1029,Cherryfield Lawn,53.39234762,-6.421328935
1030,Cherryfield Lawn,53.39231611,-6.421330101
1031,Phibblestown Wood,53.39826881,-6.435494855
1032,Phibblestown Wood,53.39824828,-6.435534023
1033,Rush Road,53.52075391,-6.143850141
1034,Rush Road,53.52073096,-6.143872873
1035,Rush Road,53.52042259,-6.14394285
1036,Rush Road,53.52044687,-6.143922234
1037,Rush Road,53.52046989,-6.143903846
1038,Rush Road,53.52079235,-6.143240106
1039,Rush Road,53.52075907,-6.143265462
1040,Rush Road,53.52072972,-6.143292819
1041,Rush Road,53.52070421,-6.143317835
1042,Rush Road,53.52061247,-6.143413101
1043,Rush Road,53.52058829,-6.143440232
1044,Rush Road,53.52038409,-6.14363167
1045,Hearse Road,53.48604524,-6.151265292
1046,Hearse Road,53.48606867,-6.151262612
1047,Hearse Road,53.48609199,-6.15125977
1048,Hearse Road,53.48611181,-6.151257907
1049,Hearse Road,53.48613277,-6.151253754
1050,Hearse Road,53.48615416,-6.151249784
1051,Hearse Road,53.48617667,-6.15124674
1052,Hearse Road,53.48619797,-6.15124444
1053,Hearse Road,53.48622251,-6.15124062
1054,Hearse Road,53.48621952,-6.151073652
1055,Hearse Road,53.48619496,-6.151076784
1056,Hearse Road,53.48617083,-6.151081272
1057,Hearse Road,53.48614587,-6.15108511
1058,Hearse Road,53.48612541,-6.151088063
1059,Hearse Road,53.48610536,-6.151090996
1060,Hearse Road,53.48608776,-6.151093138
1061,Hearse Road,53.48606689,-6.151096109
1062,Hearse Road,53.48604066,-6.151097251
1063,Kilbarrack Parade,53.39047491,-6.151670399
1064,Kilbarrack Parade,53.39042921,-6.151696106
1065,Kilbarrack Road,53.39122733,-6.154515121
1066,Kilbarrack Road,53.39104088,-6.154033987
1067,Grange Road,53.39788502,-6.138913337
1068,Grange Road,53.39776695,-6.138947677
1069,Grange Road,53.39767314,-6.1389722
1070,Grange Road,53.39781896,-6.138256675
1071,Strand Road,53.39698896,-6.125724426
1072,Main Street,53.39747579,-6.126669766
1073,Main Street,53.39824913,-6.127114748
1074,Main Street,53.39830315,-6.127146295
1075,Seapoint Avenue,53.39792587,-6.128551437
1076,Seapoint Avenue,53.39796157,-6.128380288
1077,Burrow Road,53.39580041,-6.114915777
1078,Greenfield Road,53.38748452,-6.103846005
1079,Greenfield Road,53.38748604,-6.103753603
1080,Greenfield Road,53.38755652,-6.103542093
1081,Greenfield Road,53.38755561,-6.103484738
1082,Harbour Road,53.3888359,-6.073350997
1083,Harbour Road,53.38882647,-6.073305365
1084,Howth Road,53.3883511,-6.079238564
1085,Howth Road,53.38832957,-6.079240301
1086,Deerpark,53.38070622,-6.077597939
1087,Dublin Airport,53.42677194,-6.232894804
1088,Dublin Airport,53.42672582,-6.232869365
1089,Swords Road,53.42313032,-6.227619456
1090,Swords Road,53.42313024,-6.227665708
1091,Swords Road,53.42313177,-6.227717035
1092,Swords Road,53.42313251,-6.227767108
1093,Swords Road,53.42316788,-6.227565219
1094,Swords Road,53.42319551,-6.227565353
1095,Swords Road,53.42322391,-6.227565457
1096,Swords Road,53.42325383,-6.227565495
1097,Swords Road,53.42328374,-6.227564251
1098,Swords Road,53.42331291,-6.227564323
1099,Swords Road,53.42334207,-6.227564393
1100,Swords Road,53.42337276,-6.2275644
1101,Swords Road,53.42340191,-6.227563186
1102,Swords Road,53.4234326,-6.227563194
1103,Swords Road,53.423461,-6.227563296
1104,Swords Road,53.42316926,-6.227864504
1105,Swords Road,53.42319763,-6.227863322
1106,Swords Road,53.42322677,-6.22786211
1107,Swords Road,53.42325285,-6.227861025
1108,Swords Road,53.42328351,-6.227858465
1109,Swords Road,53.42331342,-6.227857219
1110,Swords Road,53.42334563,-6.227855879
1111,Swords Road,53.423374,-6.227854699
1112,Swords Road,53.42340315,-6.227853485
1113,Swords Road,53.42343229,-6.227852273
1114,Swords Road,53.42346295,-6.227849713
1115,Swords Road,53.42322359,-6.227699081
1116,Swords Road,53.42340078,-6.227694277
1117,Swords Road,53.42333864,-6.227695579
1118,Swords Road,53.42328113,-6.227697971
1119,Portrane Road,53.48958519,-6.14599614
1120,Swords Road,53.42496482,-6.230167679
1121,Swords Road,53.42493914,-6.230172854
1122,Coolmine Industrial Estate,53.38443441,-6.401465593
1123,Coolmine Industrial Estate,53.38451524,-6.40138617
1124,N2,53.43300984,-6.332689717
1125,N2,53.4406292,-6.337818582
1126,,53.42807702,-6.242814428
1127,,53.42809652,-6.242852548
1128,,53.42811945,-6.242889088
1129,,53.42814156,-6.242928545
1130,,53.42816444,-6.242962201
1131,,53.42818567,-6.243000251
1132,,53.42820859,-6.243036789
1133,,53.4282298,-6.2430734
1134,,53.42825444,-6.243109867
1135,,53.42827569,-6.243149359
1136,,53.4280646,-6.243023988
1137,,53.42808413,-6.243063552
1138,,53.42810454,-6.243104519
1139,,53.42812568,-6.243136806
1140,,53.42814961,-6.243183396
1141,,53.42817342,-6.243221341
1142,,53.4281482,-6.243262748
1143,,53.42812523,-6.243223328
1144,,53.4281031,-6.243182431
1145,,53.42808104,-6.243145857
1146,,53.42805811,-6.243109318
1147,,53.42803602,-6.243071303
1148,,53.42796386,-6.24319971
1149,,53.42798422,-6.243237797
1150,,53.42800982,-6.243279992
1151,,53.4280318,-6.243310802
1152,,53.42805647,-6.243348711
1153,,53.42802881,-6.243400314
1154,,53.42800502,-6.24336381
1155,,53.42798292,-6.243324353
1156,,53.42795911,-6.243286409
1157,,53.42793519,-6.243241261
1158,,53.42805006,-6.243439805
1159,,53.42807853,-6.243385285
1160,,53.42817114,-6.243300729
1161,,53.42819893,-6.243257773
1162,,53.4279913,-6.243074591
1163,,53.4279577,-6.243132204
1164,,53.42802653,-6.243011143
1165,,53.42792578,-6.243186865
1166,,53.42782967,-6.24332635
1167,,53.42785174,-6.243362924
1168,,53.42787559,-6.24340375
1169,,53.42789937,-6.243440253
1170,,53.4279214,-6.243473947
1171,,53.42794607,-6.243511855
1172,,53.42797078,-6.243552646
1173,,53.42798929,-6.243582159
1174,,53.42801222,-6.243618697
1175,,53.42961246,-6.24479934
1176,,53.42962985,-6.24476192
1177,Rathbeale Road,53.46169786,-6.228492007
1178,Whites Road,53.36312755,-6.359956961
1179,Whites Road,53.36313077,-6.359914367
1180,Whites Road,53.36313397,-6.35986965
1181,Whites Road,53.3631346,-6.359822908
1182,Whites Road,53.36313909,-6.359780265
1183,Whites Road,53.36313848,-6.359735694
1184,Whites Road,53.36314294,-6.359690928
1185,Whites Road,53.36314614,-6.359646212
1186,Whites Road,53.3631493,-6.359599372